HAN,BEZEICHNUNG,EINHEIT,WAEHRUNG,PREIS0,ABMENGE0,PREIS1,ABMENGE1,PREIS2,ABMENGE2,PREIS3,ABMENGE3,PREIS4,ABMENGE4,PREIS5,ABMENGE5,PREIS6,ABMENGE6,PREIS7,ABMENGE7,PREIS8,ABMENGE8,PREIS9,ABMENGE9
210100125,"VERSANDTASCHE AUS WELLPAPPE CD, 145x190x-25mm",Stck.,EUR,0.284,100,0.200,500,0.197,3600,0.184,7200,,,,,,,,,,,,
210100225,"VERSANDTASCHE AUS WELLPAPPE DVD, 150x250x-50mm",Stck.,EUR,0.240,100,0.160,400,0.158,3000,0.143,6000,,,,,,,,,,,,
210100325,"VERSANDTASCHE AUS WELLPAPPE A5, 187x272x-50mm,",Stck.,EUR,0.261,100,0.186,400,0.179,3000,0.164,6000,,,,,,,,,,,,
210100425,"VERSANDTASCHE AUS WELLPAPPE A4, 210x292x-50mm,",Stck.,EUR,0.273,100,0.204,300,0.199,2400,0.179,4800,,,,,,,,,,,,
210100525,"VERSANDTASCHE AUS WELLPAPPE A4+, 235x337x-35mm",Stck.,EUR,0.289,100,0.233,200,0.215,2400,0.196,4800,,,,,,,,,,,,
210100625,"VERSANDTASCHE AUS WELLPAPPE C4+, 248x340x-50mm",Stck.,EUR,0.327,100,0.271,200,0.266,1800,0.240,3600,,,,,,,,,,,,
210100725,"VERSANDTASCHE AUS WELLPAPPE B4, 246x357x-50mm,",Stck.,EUR,0.326,100,0.270,200,0.265,1800,0.239,3600,,,,,,,,,,,,
210100825,"VERSANDTASCHE AUS WELLPAPPE B4+, 285x397x-50mm",Stck.,EUR,0.379,100,0.339,200,0.324,1600,0.295,3200,,,,,,,,,,,,
210100925,"VERSANDTASCHE AUS WELLPAPPE A3, 335x500x-50mm,",Stck.,EUR,0.462,100,0.443,1000,0.396,2000,,,,,,,,,,,,,,
210101025,"Versandtasche aus Wellpappe, 177x120x48mm, bedr.",Stck.,EUR,0.231,100,0.137,600,0.133,6000,0.126,12000,,,,,,,,,,,,
210102525,"Versandtasche aus Wellpappe, A4+, 246x346x-76mm",Stck.,EUR,0.316,100,0.277,200,0.266,1600,0.256,3200,,,,,,,,,,,,
211101010,"Automatikbodenkarton, 350x256x135mm",Stck.,EUR,1.668,10,1.105,20,0.823,40,0.767,50,0.687,640,0.614,1280,,,,,,,,
211101020,"Automatikbodenkarton, A5+, 229x164x50-115mm",Stck.,EUR,1.378,10,0.815,20,0.477,50,0.346,120,0.314,1500,0.283,3000,,,,,,,,
211101110,"Automatikbodenkarton, 315x155x120mm",Stck.,EUR,1.440,10,0.877,20,0.596,40,0.502,60,0.386,1280,0.350,2560,,,,,,,,
211101120,"Automatikbodenkarton, A4, 304x216x130-220mm",Stck.,EUR,1.529,10,0.966,20,0.591,60,0.557,600,0.480,1200,,,,,,,,,,
211101125,"Universalverpackung `CD`, 150x133x-54mm,",Stck.,EUR,0.584,25,0.171,300,0.160,3600,0.147,7200,,,,,,,,,,,,
211101210,"Automatikbodenkarton, 300x210x85mm",Stck.,EUR,1.534,10,0.971,20,0.690,40,0.596,60,0.519,840,0.463,1680,,,,,,,,
211101220,"Automatikbodenkarton, A3+, 460x309x180-300mm",Stck.,EUR,2.018,10,1.208,40,1.201,300,1.046,600,,,,,,,,,,,,
211101225,"Universalverpackung `A5`,219x157x-54mm,",Stck.,EUR,0.625,25,0.233,225,0.226,1800,0.201,3600,,,,,,,,,,,,
211101310,"Automatikbodenkarton, 540x380x160mm",Stck.,EUR,2.413,10,1.850,20,1.662,30,1.618,280,1.452,560,,,,,,,,,,
211101325,"Universalverpackung `A5+`, 249x165x-70mm,",Stck.,EUR,0.640,25,0.265,150,0.241,1800,0.215,3600,,,,,,,,,,,,
211101410,"Automatikbodenkarton, 540x380x320mm",Stck.,EUR,2.736,10,2.173,20,2.152,30,2.125,180,1.868,360,,,,,,,,,,
211101425,"Universalverpackung `B5`, 274x185x-80mm,",Stck.,EUR,0.651,25,0.286,150,0.277,1200,0.239,2400,,,,,,,,,,,,
211101510,"Automatikbodenkarton, 220x220x73mm ",Stck.,EUR,1.447,10,0.884,20,0.602,40,0.415,120,0.365,2100,0.342,4200,,,,,,,,
211101525,"Universalverpackung `A4`, 304x215x-77mm,",Stck.,EUR,0.693,25,0.393,75,0.346,900,0.294,1800,,,,,,,,,,,,
211101625,"Universalverpackung `C4`, 336x255x74mm,",Stck.,EUR,0.767,25,0.467,75,0.420,900,0.368,1800,,,,,,,,,,,,
211101725,"Universalverpackung `C4+`, 335x270x-77mm,",Stck.,EUR,0.806,25,0.505,75,0.458,900,0.407,1800,,,,,,,,,,,,
211101825,"Universalverpackung `B4`, 378x295x-80mm,",Stck.,EUR,0.877,25,0.583,75,0.581,600,0.504,1200,,,,,,,,,,,,
211101910,"Universalverpackung, 192x192x63mm ",Stck.,EUR,1.127,10,0.807,20,0.470,50,0.356,100,0.311,1380,0.278,2760,,,,,,,,
211101925,"Universalverpackung `A3`, 456x320x-70mm,",Stck.,EUR,0.950,25,0.725,50,0.654,600,0.577,1200,,,,,,,,,,,,
211102120,"Universal Versandverpackung, B5, 250x190x-85mm",Stck.,EUR,0.852,20,0.477,60,0.386,960,0.337,1920,,,,,,,,,,,,
211102220,"Universal Versandverpackung, A4, 305x235x-92mm",Stck.,EUR,0.924,20,0.548,60,0.489,720,0.425,1440,,,,,,,,,,,,
211102320,"Universal Versandverpackung, C4, 350x260x-70mm",Stck.,EUR,1.042,20,0.666,60,0.607,720,0.543,1440,,,,,,,,,,,,
211102410,"Automatikbodenkarton `Xtra-Strong`,304x216x130-220",Stck.,EUR,1.696,10,1.155,20,0.890,40,0.816,60,0.806,400,0.753,800,,,,,,,,
211102520,"Universal Versandverpackung, A3,430x310x-90mm",Stck.,EUR,1.113,20,0.831,40,0.743,480,0.647,960,,,,,,,,,,,,
211102610,"Automatikbodenkarton `Xtra-Strong`,460x309x200-300",Stck.,EUR,2.247,10,1.707,20,1.590,30,1.526,200,1.431,400,,,,,,,,,,
211104050,"PACKBOX A5+, 215x155x40mm,",Stck.,EUR,0.436,50,0.286,150,0.249,2400,0.230,4800,,,,,,,,,,,,
211104320,"PACKBOX A4, 305x210x110mm,",Stck.,EUR,1.012,20,0.590,80,0.541,1020,0.495,2040,,,,,,,,,,,,
211104420,"Ordnerversandbox `A4+`, 330x290x-120mm,",Stck.,EUR,1.226,20,0.922,60,0.894,400,0.778,800,,,,,,,,,,,,
211104520,"PACKBOX A3+, 460x305x160mm,",Stck.,EUR,1.608,20,1.367,40,1.335,320,1.189,640,,,,,,,,,,,,
211104720,"ORDNERVERSANDVERPACKUNG, 320x285x35-80mm,",Stck.,EUR,0.890,20,0.515,60,0.430,900,0.349,1800,,,,,,,,,,,,
211107725,"Maxibriefkarton 1 IM: 160x113x42mm AM175x115x45mm",Stck.,EUR,0.539,25,0.314,50,0.201,100,0.145,200,0.121,350,0.113,3900,0.101,7800,,,,,,
211107825,"Maxibriefkarton 2 IM:225x155x45mm AM:240x160x50mm",Stck.,EUR,0.559,25,0.334,50,0.221,100,0.165,200,0.144,2600,0.126,5200,,,,,,,,
211107925,"Maxibriefkarton 3 IM:330x242x45mm AM:350x250x50mm",Stck.,EUR,0.633,25,0.408,50,0.295,100,0.260,175,0.239,200,0.254,1300,0.219,2600,,,,,,
211109725,"Kleinpaket Fefco 0427, 160x113x77mm",Stck.,EUR,0.511,25,0.307,50,0.205,100,0.154,200,0.150,300,0.145,4200,0.127,8400,,,,,,
211109825,"Kleinpaket Fefco0427, 225x155x77mm",Stck.,EUR,0.551,25,0.347,50,0.250,100,0.201,175,0.198,2800,0.179,5600,,,,,,,,
211109925,"Kleinpaket Fefco0427, 330x242x77mm",Stck.,EUR,0.632,25,0.428,50,0.354,100,0.340,150,0.339,1400,0.297,2800,,,,,,,,
211111050,"CD-JEWEL-MAILER DIN LANG, 225x125x12mm,",Stck.,EUR,0.291,100,0.244,400,0.212,2800,0.195,5600,,,,,,,,,,,,
211111150,"CD-JEWEL-MAILER DIN LANG, 225x125x12mm,",Stck.,EUR,0.301,100,0.225,400,0.222,2800,0.205,5600,,,,,,,,,,,,
211111225,"UNIVERSALVERPACKUNG `A5`,217x155x-60mm,",Stck.,EUR,0.636,25,0.244,225,0.237,1800,0.211,3600,,,,,,,,,,,,
211111325,"UNIVERSALVERPACKUNG `A5+`, 249x165x-60mm,",Stck.,EUR,0.678,25,0.303,150,0.280,1800,0.253,3600,,,,,,,,,,,,
211111525,"UNIVERSALVERPACKUNG `A4`, 304x215x-77mm,",Stck.,EUR,0.771,25,0.471,75,0.424,900,0.372,1800,,,,,,,,,,,,
211117725,"Maxibriefkarton Gr. 1, 160x113x42mm",Stck.,EUR,0.547,25,0.322,50,0.209,100,0.153,200,0.129,350,0.121,3900,0.109,7800,,,,,,
211117825,"Maxibriefkarton, Gr. 2, 225x155x45mm",Stck.,EUR,0.574,25,0.348,50,0.236,100,0.180,200,0.159,2600,0.141,5200,,,,,,,,
211117925,"Maxibriefkarton, Gr. 3, weiß, VE 25",Stck.,EUR,0.660,25,0.435,50,0.322,100,0.293,175,0.281,1300,0.245,2600,,,,,,,,
211202025,"Universalverpackung, A5, 219x157x54mm ",Stck.,EUR,0.625,25,0.400,50,0.288,100,0.250,150,0.225,225,0.211,2550,0.193,5100,,,,,,
211202125,"Universalverpackung, A4, 312x250x70mm ",Stck.,EUR,0.700,25,0.474,50,0.399,75,0.318,1350,0.283,2700,,,,,,,,,,
211202225,"Universalverpackung, A3, 456x320x70mm",Stck.,EUR,0.886,25,0.661,50,0.545,850,0.491,1700,,,,,,,,,,,,
211614620,"ORDNERVERSANDVERPACKUNG, 320x285x35-80mm,",Stck.,EUR,0.937,20,0.561,60,0.484,840,0.395,1680,,,,,,,,,,,,
212022010,"Transportkarton `Lebende Tiere`, 320x197x230mm",Stck.,EUR,1.919,10,1.355,20,1.074,40,1.018,50,0.958,560,0.875,1120,,,,,,,,
212022110,"Transportkarton `Lebende Tiere`, 477x233x295mm",Stck.,EUR,2.312,10,1.749,20,1.467,40,1.579,50,1.542,260,1.364,520,,,,,,,,
212022210,"Transportkarton `Lebende Tiere`, 580x309x369mm",Stck.,EUR,3.077,10,2.514,20,2.326,30,2.307,260,2.129,520,,,,,,,,,,
212100320,"ORDNERVERSANDBOX 50-80B, 320x288x50-80mm",Stck.,EUR,0.845,20,0.403,120,0.388,880,0.335,1760,,,,,,,,,,,,
212100410,"ORDNER VERSANDKARTON für 4-5 Ordner",Stck.,EUR,1.659,10,1.096,20,0.909,30,0.774,80,0.744,440,0.639,880,,,,,,,,
212101010,"Automatikbodenkarton, A4+, 320x220x80-190mm",Stck.,EUR,1.537,10,0.692,40,0.540,720,0.475,1440,,,,,,,,,,,,
212101020,"Mail-Box XS, 247x146x42mm",Stck.,EUR,0.742,20,0.460,40,0.292,100,0.233,160,0.243,1440,0.211,2880,,,,,,,,
212101110,"Automatikbodenkarton, 390x280x100-240mm",Stck.,EUR,1.752,10,1.189,20,0.804,520,0.714,1040,,,,,,,,,,,,
212101120,"Mail-Box S, 249x175x79mm",Stck.,EUR,0.808,20,0.527,40,0.386,80,0.339,120,0.331,1080,0.288,2160,,,,,,,,
212101210,"Automatikbodenkarton, 475x310x155-310mm",Stck.,EUR,2.055,10,1.493,20,1.286,260,1.107,520,,,,,,,,,,,,
212101220,"Mail-Box M, 331x241x104mm",Stck.,EUR,0.970,20,0.688,40,0.625,80,0.600,480,0.503,960,,,,,,,,,,
212101310,"Automatikbodenkarton, A5+, 229x164x50-115mm",Stck.,EUR,1.350,10,0.412,60,0.270,2000,0.247,4000,,,,,,,,,,,,
212101320,"Mail-Box L, 395x248x141mm",Stck.,EUR,1.167,20,0.886,40,0.797,480,0.701,960,,,,,,,,,,,,
212101420,"Mail-Box XL, 460x333x174mm",Stck.,EUR,1.434,20,1.325,40,1.257,240,1.064,480,,,,,,,,,,,,
212102020,"TRAPEZ VERSANDVERPACKUNG `A2`, 435x105/55x75mm",Stck.,EUR,0.819,20,0.368,100,0.306,1680,0.281,3360,,,,,,,,,,,,
212102120,"TRAPEZ VERSANDVERPACKUNG `A1`, 610x105/55x75mm",Stck.,EUR,0.868,20,0.417,100,0.375,1260,0.340,2520,,,,,,,,,,,,
212102220,"TRAPEZ VERSANDVERPACKUNG `A1+`, 705x105/55x75mm",Stck.,EUR,0.901,20,0.479,80,0.405,1260,0.371,2520,,,,,,,,,,,,
212102320,"TRAPEZ VERSANDVERPACKUNG `A0`, 860x105/55x75mm",Stck.,EUR,0.961,20,0.585,60,0.498,840,0.448,1680,,,,,,,,,,,,
212102420,"TRAPEZ VERSANDVERPACKUNG, 1005x105/55x75mm",Stck.,EUR,0.971,20,0.596,60,0.524,840,0.466,1680,,,,,,,,,,,,
212111020,"Mail-Box XS, 247x146x42mm",Stck.,EUR,0.792,20,0.511,40,0.342,100,0.297,160,0.294,1440,0.261,2880,,,,,,,,
212111120,"Mail-Box S, 249x175x79mm",Stck.,EUR,0.852,20,0.570,40,0.430,80,0.382,120,0.375,1080,0.332,2160,,,,,,,,
212111220,"Mail-Box M, 331x241x104mm",Stck.,EUR,1.043,20,0.761,40,0.700,80,0.673,480,0.576,960,,,,,,,,,,
212111320,"Mail-Box L, 395x248x141mm",Stck.,EUR,1.284,20,1.002,40,0.914,480,0.817,960,,,,,,,,,,,,
212111420,"Mail-Box XL, 460x333x174mm",Stck.,EUR,1.622,20,1.336,40,1.445,240,1.252,480,,,,,,,,,,,,
212151020,"Mail-Box XS, 247x146x42mm",Stck.,EUR,0.786,20,0.504,40,0.335,100,0.297,160,0.287,1440,0.255,2880,,,,,,,,
212151120,"Mail-Box S, 249x175x79mm ",Stck.,EUR,0.848,20,0.566,40,0.426,80,0.392,120,0.371,1080,0.328,2160,,,,,,,,
212151220,"Mail-Box M, 331x241x104mm",Stck.,EUR,1.043,20,0.761,40,0.700,80,0.673,480,0.576,960,,,,,,,,,,
212151320,"Mail-Box L, 395x248x141mm",Stck.,EUR,1.275,20,0.993,40,0.905,480,0.808,960,,,,,,,,,,,,
212151420,"Mail-Box XL, 460x333x174mm",Stck.,EUR,1.554,20,1.272,40,1.378,240,1.184,480,,,,,,,,,,,,
212160320,"ORDNERVERSANDBOX 50-80A, 320x288x50-80mm",Stck.,EUR,0.884,20,0.445,120,0.426,880,0.374,1760,,,,,,,,,,,,
221101020,"Versandkarton, 217x172x110mm,",Stck.,EUR,0.727,20,0.227,180,0.217,1760,0.191,3520,,,,,,,,,,,,
221102010,"Versandkarton, 217x172x110mm,",Stck.,EUR,1.344,10,0.405,60,0.307,120,0.297,1260,0.254,2520,,,,,,,,,,
221102110,"Versandkarton, 304x217x150mm,",Stck.,EUR,1.493,10,0.555,60,0.533,560,0.450,1120,,,,,,,,,,,,
221110125,"Versandkarton, 195x145x90mm,",Stck.,EUR,0.572,25,0.178,200,0.163,2250,0.142,4500,,,,,,,,,,,,
221110225,"Versandkarton, 295x195x90mm,",Stck.,EUR,0.657,25,0.319,100,0.310,900,0.259,1800,,,,,,,,,,,,
221110325,"Versandkarton, 295x195x140mm,",Stck.,EUR,0.685,25,0.347,100,0.338,900,0.286,1800,,,,,,,,,,,,
221110625,"Versandkarton, 395x295x140mm,",Stck.,EUR,0.853,25,0.628,50,0.609,450,0.506,900,,,,,,,,,,,,
222101005,"Versandkarton f. 12er Flaschen, 420x305x368mm,",Stck.,EUR,4.200,5,3.250,90,,,,,,,,,,,,,,,,
222101300,"20l Beutel für Bag-in-Box, 470x610mm",Stck.,EUR,2.250,10,1.750,20,1.610,30,1.530,40,1.510,60,1.310,300,1.290,3000,,,,,,
222101400,"5l Beutel für Bag-in-Box, 400x320mm",Stck.,EUR,1.620,10,1.130,20,0.970,30,0.890,40,0.800,60,0.570,450,0.560,6300,,,,,,
222101500,"1.5l Beutel für Bag-in-Box, 320x200mm",Stck.,EUR,1.550,10,1.060,20,0.900,30,0.820,40,0.740,60,0.690,80,0.380,400,0.360,8000,,,,
222102005,"Versankarton f. 6er Flaschen, 305x212x368mm,",Stck.,EUR,3.150,5,2.300,10,2.060,15,1.890,220,,,,,,,,,,,,
222102400,"10l Beutel für Bag-in-Box, 375x495mm",Stck.,EUR,1.720,10,1.230,20,1.070,30,0.990,40,0.900,60,0.700,4900,,,,,,,,
222102500,"3l Beutel für Bag-in-Box, 350x265mm",Stck.,EUR,1.580,10,1.090,20,0.930,30,0.850,40,0.770,60,0.730,80,0.530,450,0.520,6300,,,,
222103001,"Versandkarton für Magnumflaschen, 144x144x425 mm ",Stck.,EUR,2.480,5,1.600,10,1.170,20,1.160,175,0.880,350,,,,,,,,,,
222103005,"Versandkarton f. Flaschen, 305x212x368mm,",Stck.,EUR,3.230,5,2.390,10,2.380,90,1.950,180,,,,,,,,,,,,
222103010,"Versandkarton f. Flaschen, 204x108x368mm,",Stck.,EUR,1.500,10,1.100,20,1.080,180,0.860,360,,,,,,,,,,,,
222103020,"VERSANDKARTON FÜR FLASCHEN, 106x106x420mm,",Stck.,EUR,0.830,20,0.610,40,0.530,60,,,,,,,,,,,,,,
222103105,"Versandkarton f. Flaschen, 316x305x368mm,",Stck.,EUR,3.730,5,3.080,70,2.500,140,2.380,300,,,,,,,,,,,,
222103110,"VERSANDKARTON FÜR 3er FLASCHEN, 305x108x368mm,",Stck.,EUR,1.690,10,1.370,20,1.360,160,1.120,320,0.970,600,,,,,,,,,,
222103205,"Versandkarton f. 12er Flaschen, 420x305x368mm,",Stck.,EUR,4.350,5,4.320,45,3.300,90,3.190,150,,,,,,,,,,,,
222103210,"Versandkarton f. Flaschen, 212x204x368mm,",Stck.,EUR,1.880,10,1.790,120,1.380,240,1.300,450,,,,,,,,,,,,
222104001,"BIERTRAGERL, 213x140x269mm",Stck.,EUR,0.710,25,0.490,50,0.400,100,0.370,1200,0.330,2400,,,,,,,,,,
222104002,"BIERTRAGERL, 213x140x269mm",Stck.,EUR,0.780,25,0.580,50,0.480,100,0.460,1200,0.420,2400,,,,,,,,,,
222104015,"Versandkarton f. 24 Getränkedosen, 410x275x170mm ",Stck.,EUR,1.120,15,0.790,30,0.740,360,0.600,720,,,,,,,,,,,,
222104100,"Bierversandkarton 3er Flaschen, 255x88x288mm",Stck.,EUR,2.440,5,1.590,10,1.310,15,1.250,20,1.220,30,1.190,180,0.990,360,,,,,,
222104200,"Bierversandkarton 6er Flaschen, 255x175x294mm",Stck.,EUR,2.980,5,2.150,10,2.110,15,2.100,90,1.680,180,,,,,,,,,,
222104300,"Bierversandkarton 9er Flaschen, 265x255x288mm",Stck.,EUR,3.230,5,2.510,10,2.490,90,1.960,180,,,,,,,,,,,,
222104400,"Bierversandkarton 12er Flaschen, 353x255x288mm",Stck.,EUR,3.430,5,2.730,90,2.090,180,,,,,,,,,,,,,,
222105001,"CARGO-BOX XS - ECO,  150 Stck.",Stck.,EUR,2.088,10,1.643,20,1.581,150,1.271,300,,,,,,,,,,,,
222105101,"CARGO-BOX X - ECO, 150 Stck / Pal, 10 geb.",Stck.,EUR,2.223,10,1.760,20,1.715,150,1.406,300,,,,,,,,,,,,
222105201,"CARGO-BOX XXL, einzeln, flachl. 150 Stck.",Stck.,EUR,2.494,150,2.186,300,,,,,,,,,,,,,,,,
222105301,"CARGO-BOX B BÜCHERBOX einzeln, 150 Stck./Pal.",Stck.,EUR,2.160,10,1.652,150,1.343,300,,,,,,,,,,,,,,
222105401,"CargoBox plus S, 400x320x320mm,",Stck.,EUR,2.178,10,1.696,20,1.671,150,1.361,300,,,,,,,,,,,,
222105501,"CargoBox plus X, 660x350x360mm,",Stck.,EUR,2.613,10,2.105,150,1.796,300,,,,,,,,,,,,,,
222105700,"Kleiderbox, 545x545x1240mm",Stck.,EUR,19.199,1,13.188,2,11.161,3,8.513,48,,,,,,,,,,,,
222106010,"Bierfasskarton mit Einlage, 228x228x271mm",Stck.,EUR,2.010,10,1.580,20,1.570,160,1.340,320,,,,,,,,,,,,
222106015,"Versandkarton f.  GIN, 326x115x278mm",Stck.,EUR,1.800,10,1.530,20,1.300,40,1.300,120,1.230,240,,,,,,,,,,
222106115,"Versandkarton f. GIN, 326x226x278mm",Stck.,EUR,3.600,5,2.620,10,2.150,20,2.150,90,2.100,180,,,,,,,,,,
222111310,"20l Bag-in-Box Set, 2-teilig",Set,EUR,3.000,10,2.520,20,,,,,,,,,,,,,,,,
222111410,"5l Bag-in-Box Set, 2-teilig",Set,EUR,1.910,10,1.430,20,1.260,30,1.180,40,1.130,50,1.080,70,,,,,,,,
222111510,"1,5l Bag-in-Box Set, 2-teilig",Set,EUR,1.710,10,1.220,20,1.060,30,0.970,40,0.930,50,0.870,70,0.840,90,0.810,120,,,,
222112410,"10l Bag-in-Box Set, 2-teilig",Set,EUR,2.210,10,1.710,20,1.560,30,1.470,40,,,,,,,,,,,,
222112510,"3l Bag-in-Box Set, 2-teilig",Set,EUR,1.810,10,1.320,20,1.160,30,1.080,40,1.030,50,0.970,70,0.940,90,,,,,,
222114020,"PLAN BOX, A2, 500x75x75mm",Stck.,EUR,0.886,20,0.386,180,0.381,1600,0.352,3200,,,,,,,,,,,,
222114120,"PLAN BOX, A1, 750x75x75mm",Stck.,EUR,0.895,20,0.412,140,0.403,1300,0.368,2600,,,,,,,,,,,,
222114220,"PLAN BOX, A0, 1100x75x75mm",Stck.,EUR,0.937,20,0.454,140,0.445,1300,0.410,2600,,,,,,,,,,,,
222302125,"Versandkarton, 230x155x90mm ",Stck.,EUR,0.593,25,0.367,50,0.254,100,0.187,200,0.174,2925,,,,,,,,,,
222302225,"Versandkarton, 230x180x125mm ",Stck.,EUR,0.602,25,0.376,50,0.264,100,0.208,200,0.228,1200,,,,,,,,,,
222302325,"Versandkarton, 300x220x150mm ",Stck.,EUR,0.721,25,0.496,50,0.383,100,0.360,125,0.348,1200,,,,,,,,,,
222302425,"Versandkarton, 350x295x145mm ",Stck.,EUR,0.761,25,0.535,50,0.477,75,0.464,600,,,,,,,,,,,,
222302525,"Versandkarton, 400x300x100mm",Stck.,EUR,0.835,25,0.610,50,0.527,650,,,,,,,,,,,,,,
222402110,"Versandkarton, 400x300x300mm",Stck.,EUR,2.207,10,1.452,40,1.412,280,1.247,560,,,,,,,,,,,,
222402310,"Versandkarton, 500x400x300mm,",Stck.,EUR,2.389,10,2.003,20,1.976,130,1.620,260,,,,,,,,,,,,
222402610,"Versandkarton, 600x400x400mm,",Stck.,EUR,2.627,10,2.064,20,2.215,130,1.858,260,,,,,,,,,,,,
226100125,"ARCHIV-ABLAGEBOX, 315x65x233mm,",Stck.,EUR,0.773,25,0.398,150,0.385,1500,0.353,3000,,,,,,,,,,,,
226100220,"ARCHIV-ABLAGEBOX, 252x70x317mm,",Stck.,EUR,0.894,20,0.477,140,0.428,960,0.379,1920,,,,,,,,,,,,
226100310,"Archivbox für Hängemappen, 328x115x239mm,",Stck.,EUR,1.587,10,0.686,50,0.566,880,0.514,1760,,,,,,,,,,,,
226100410,"ARCHIV-TRANSPORTBOX, 327x158x279mm,",Stck.,EUR,1.807,10,0.962,40,0.810,720,0.745,1440,,,,,,,,,,,,
226100510,"ARCHIV-ABLAGEBOX 100 SELECT, 319x94x257mm",Stck.,EUR,0.877,20,0.394,140,0.386,1280,0.350,2560,,,,,,,,,,,,
226104020,"Archiv-Stehsammler 75, 260x75x315mm",Stck.,EUR,0.782,20,0.290,160,0.266,1980,0.243,3960,,,,,,,,,,,,
226110830,"ARCHIV-ABLAGEBOX 50, 250x45x317mm,",Stck.,EUR,0.754,30,0.519,130,0.475,960,0.427,1920,,,,,,,,,,,,
226110920,"ARCHIV-ABLAGEBOX, 250x70x317mm,",Stck.,EUR,1.021,20,0.604,120,0.574,800,0.516,1600,,,,,,,,,,,,
226111020,"ARCHIV-STEHSAMMLER, 260x75x515mm,",Stck.,EUR,0.841,20,0.419,80,0.324,1980,0.301,3960,,,,,,,,,,,,
226131220,"ARCHIV-ABLAGEBOX, 315x96x260mm,",Stck.,EUR,1.307,20,0.766,180,0.753,1400,0.735,2800,,,,,,,,,,,,
226141220,"ARCHIV-ABLAGEBOX, 315x96x260mm,",Stck.,EUR,1.307,20,0.766,180,0.753,1400,0.735,2800,,,,,,,,,,,,
226151220,"ARCHIV-ABLAGEBOX, 315x96x260mm,",Stck.,EUR,1.307,20,0.766,180,0.753,1400,0.735,2800,,,,,,,,,,,,
226161220,"ARCHIV-ABLAGEBOX, 315x96x260mm,",Stck.,EUR,1.307,20,0.766,180,0.753,1400,0.735,2800,,,,,,,,,,,,
226161310,"ARCHIVBOX FÜR HÄNGEMAPPEN, 330x120x265mm,",Stck.,EUR,1.721,10,0.820,50,0.701,880,0.648,1760,,,,,,,,,,,,
227100105,"ARCHIVBOX, 297x334x330 mm, wiederverschließbar",Stck.,EUR,3.274,5,1.772,15,1.353,280,1.187,560,,,,,,,,,,,,
227100210,"ARCHIVBOX, 426x326x295mm, braun,",Stck.,EUR,2.119,10,1.399,30,1.379,240,1.185,480,,,,,,,,,,,,
227100310,"ARCHIVBOX, 414x331x266mm, wiederverschließbar,",Stck.,EUR,2.037,10,1.336,30,1.331,220,1.122,440,,,,,,,,,,,,
227160410,"Archivbox f. Ordner m. Klappdeckel, 504x325x305mm",Stck.,EUR,2.923,10,2.597,20,2.569,120,2.183,240,,,,,,,,,,,,
227160510,"ARCHIVBOX F. ORDNER M. FRONTKL., 498x295x322mm",Stck.,EUR,2.455,10,1.705,30,1.639,300,1.484,600,,,,,,,,,,,,
227160610,"Archivbox S mit Deckel, 413x330x265mm",Stck.,EUR,2.378,10,1.685,30,1.674,220,1.463,440,,,,,,,,,,,,
227160705,"ARCHIV-BOX MIT DECKEL, 440x380x290mm,",Stck.,EUR,4.120,5,2.318,25,2.290,220,2.079,440,,,,,,,,,,,,
227160805,"Klappdeckelcontainer, 522x333x268mm,",Stck.,EUR,3.715,5,2.502,15,2.390,100,1.926,200,,,,,,,,,,,,
229100820,"Wellpappcontainer mit X-Faltung, 1180x780x765mm",Stck.,EUR,16.398,1,,,,,,,,,,,,,,,,,,
229101010,"Einkaufskorb, 500x330x260mm ",Stck.,EUR,0.770,450,0.666,900,,,,,,,,,,,,,,,,
229105002,"Einkaufskorb, 500x330x260mm, 2er Pack",Stck.,EUR,6.370,2,,,,,,,,,,,,,,,,,,
229105010,"Einkaufskorb, 500x330x260mm ",Stck.,EUR,2.990,5,1.865,10,1.188,25,0.964,50,,,,,,,,,,,,
230110125,"VERSANDTASCHE AUS VOLLPAPPE A5, 167x240x-50mm,",Stck.,EUR,0.243,100,0.170,500,0.160,6000,0.152,12000,,,,,,,,,,,,
230110225,"VERSANDTASCHE AUS VOLLPAPPE B5+, 205x262x-50mm",Stck.,EUR,0.250,100,0.180,400,0.175,4400,0.170,8800,,,,,,,,,,,,
230110325,"VERSANDTASCHE AUS VOLLPAPPE A4, 235x308x-50mm",Stck.,EUR,0.299,100,0.234,300,0.221,4000,0.211,8000,,,,,,,,,,,,
230110425,"VERSANDTASCHE AUS VOLLPAPPE A4+, 237x342x-50mm",Stck.,EUR,0.310,100,0.260,200,0.249,2800,0.240,5600,,,,,,,,,,,,
230110525,"VERSANDTASCHE AUS VOLLPAPPE C4, 255x342x-50mm,",Stck.,EUR,0.340,100,0.290,200,0.280,2100,0.260,4200,,,,,,,,,,,,
230110625,"VERSANDTASCHE AUS VOLLPAPPE B4, 285x365x-50mm,",Stck.,EUR,0.450,100,0.400,200,0.390,2200,0.370,4400,,,,,,,,,,,,
230110725,"VERSANDTASCHE AUS VOLLPAPPE A3, 309x447x-50mm,",Stck.,EUR,0.465,100,0.412,1800,0.390,3600,,,,,,,,,,,,,,
230111025,"CD-MAILER DIN LANG, 218x121mm, Fenster links",Stck.,EUR,0.260,100,0.170,800,0.160,14000,0.158,28000,,,,,,,,,,,,
230111125,"CD-MAILER DIN LANG, 218x121mm, ohne Fenster",Stck.,EUR,0.260,100,0.170,800,0.160,14000,0.158,28000,,,,,,,,,,,,
231101020,"Versandkarton, 217x172x110mm",Stck.,EUR,0.697,20,0.415,40,0.275,80,0.246,100,0.196,180,0.187,1760,0.160,3520,,,,,,
231101120,"Versandkarton, 304x217x110mm,",Stck.,EUR,0.762,20,0.480,40,0.340,80,0.311,100,0.307,120,0.304,880,0.251,1760,,,,,,
231101220,"Versandkarton, 304x217x150mm",Stck.,EUR,0.783,20,0.502,40,0.361,80,0.333,100,0.329,120,0.325,880,0.273,1760,,,,,,
231101320,"Versandkarton, 427x304x150mm",Stck.,EUR,0.935,20,0.654,40,0.594,60,0.583,440,0.478,880,,,,,,,,,,
231101420,"Versandkarton, 427x304x200mm",Stck.,EUR,0.981,20,0.699,40,0.647,60,0.629,440,0.523,880,,,,,,,,,,
231101520,"Versandkarton, 427x304x250mm",Stck.,EUR,0.999,20,0.717,40,0.652,60,0.647,440,0.541,880,,,,,,,,,,
231101620,"Versandkarton, 500x300x300mm,",Stck.,EUR,1.142,20,0.806,60,0.790,440,0.684,880,,,,,,,,,,,,
231101720,"Versandkarton, 500x400x400mm,",Stck.,EUR,1.113,20,0.986,220,0.806,440,,,,,,,,,,,,,,
231102010,"Versandkarton, 217x172x110mm,",Stck.,EUR,1.322,10,0.384,60,0.290,120,0.270,1260,0.233,2520,,,,,,,,,,
231102110,"Versandkarton, 304x217x150mm,",Stck.,EUR,1.455,10,0.516,60,0.494,560,0.411,1120,,,,,,,,,,,,
231102210,"Versandkarton, 427x304x200mm,",Stck.,EUR,1.721,10,1.158,20,0.970,30,0.904,300,0.750,600,,,,,,,,,,
231102310,"Versandkarton, 427x304x250mm,",Stck.,EUR,1.769,10,1.206,20,1.018,30,0.952,300,0.797,600,,,,,,,,,,
231102410,"Versandkarton, 500x300x300mm,",Stck.,EUR,1.560,10,1.231,20,1.043,30,0.977,300,0.823,600,,,,,,,,,,
231102510,"Versandkarton, 500x400x400mm",Stck.,EUR,2.262,10,1.802,20,1.798,140,1.467,280,,,,,,,,,,,,
231102610,"Versandkarton, 600x500x500mm",Stck.,EUR,2.914,150,2.296,300,,,,,,,,,,,,,,,,
231110125,"Versandkarton, 195x145x90mm,",Stck.,EUR,0.551,25,0.157,200,0.142,2250,0.121,4500,,,,,,,,,,,,
231110225,"Versandkarton, 295x195x90mm",Stck.,EUR,0.616,25,0.278,100,0.268,900,0.217,1800,,,,,,,,,,,,
231110325,"Versandkarton, 295x195x140mm",Stck.,EUR,0.641,25,0.303,100,0.294,900,0.242,1800,,,,,,,,,,,,
231110425,"Versandkarton, 295x195x190mm,",Stck.,EUR,0.665,25,0.327,100,0.318,900,0.266,1800,,,,,,,,,,,,
231110525,"Versandkarton, 395x295x90mm",Stck.,EUR,0.741,25,0.515,50,0.428,675,0.359,1350,,,,,,,,,,,,
231110625,"Versandkarton, 395x295x140mm,",Stck.,EUR,0.774,25,0.549,50,0.426,900,0.375,1800,,,,,,,,,,,,
231110725,"Versandkarton, 395x295x190mm",Stck.,EUR,0.798,25,0.572,50,0.553,450,0.450,900,,,,,,,,,,,,
231110825,"Versandkarton, 395x295x290mm,",Stck.,EUR,0.893,25,0.668,50,0.649,450,0.546,900,,,,,,,,,,,,
231110925,"Versandkarton, 600x400x200mm",Stck.,EUR,1.102,25,1.064,225,0.858,450,,,,,,,,,,,,,,
243113010,"SOFT-FILL, ca. 15 Liter, antistatisch,",Pck.,EUR,11.986,1,2.170,10,2.010,120,,,,,,,,,,,,,,
243113200,"SOFT-FILL, ca. 200 liter im Karton,",Pck.,EUR,17.650,1,,,,,,,,,,,,,,,,,,
243120312,"Luftpolsterfolie, 0,4 x 5m ",Stck.,EUR,1.824,12,1.274,36,1.271,240,1.103,480,,,,,,,,,,,,
243120801,"Luftpolsterfolie, 1,0 x 25m ",Stck.,EUR,15.684,1,9.728,18,7.492,36,,,,,,,,,,,,,,
243122210,"STRETCHFOLIE 100 mm x 150 m, 10 Rollen im UK",Stck.,EUR,1.630,10,0.790,70,0.770,820,0.710,1640,,,,,,,,,,,,
243123240,"STRETCHFOLIE 23mµ, 0,10 x 150 m, transparent,",Stck.,EUR,0.990,40,0.850,960,12.190,1920,,,,,,,,,,,,,,
244140532,"Handabroller f. Stretchfolie, 400-500mm",Stck.,EUR,12.190,1,2.720,32,2.729,256,2.572,512,,,,,,,,,,,,
244160612,"Handabroller f. Stretchfolie, 100mm",Stck.,EUR,1.650,12,0.900,132,0.870,1440,0.840,2880,,,,,,,,,,,,
245100237,"Papierklebeband, 50mm x 50m, Hotmelt ",Stck.,EUR,2.590,6,1.900,12,1.320,36,1.190,72,1.120,108,1.070,2160,,,,,,,,
245101836,"PP Klebeband braun, 50mmx66m, low noise",Stck.,EUR,0.728,36,0.520,144,0.510,1296,0.480,2592,,,,,,,,,,,,
245121836,"PP Klebeband transparent, 50mmx66m, low noise",Stck.,EUR,0.728,36,0.520,144,0.510,1296,0.480,2592,,,,,,,,,,,,
245141236,"PP Signalklebeband `Vorsicht Glas` - 3-sprachig",Stck.,EUR,0.790,36,0.660,72,0.610,108,0.590,144,0.580,1296,0.550,2592,,,,,,,,
245141336,"PP Signalklebeband `Bruchgefahr` - 3-sprachig",Stck.,EUR,0.790,36,0.660,72,0.610,108,0.590,144,0.580,1296,0.550,2592,,,,,,,,
249190101,"STRETCHFOLIE 100 mm x 150 m, 6 Rol+1 Handabroller",Pck.,EUR,15.310,1,6.930,7,6.250,135,5.880,270,,,,,,,,,,,,
253101230,"PACKPAPIERROLLE 1,0 x 5 m,",Stck.,EUR,1.100,30,0.970,60,0.960,450,0.860,900,,,,,,,,,,,,
253101316,"PACKPAPIERROLLE 1,0 x 10 m,",Stck.,EUR,1.920,16,1.550,48,1.500,384,1.400,768,,,,,,,,,,,,
253101701,"PACKPAPIERROLLE 0,50 x 250m",Stck.,EUR,20.760,1,12.880,44,11.720,88,,,,,,,,,,,,,,
253101801,"PACKPAPIERROLLE 0,60 x 250m",Stck.,EUR,22.860,1,17.300,22,14.980,44,,,,,,,,,,,,,,
253101901,"PACKPAPIERROLLE 0,75 x 250m,",Stck.,EUR,26.120,1,20.560,22,18.240,44,,,,,,,,,,,,,,
253102001,"PACKPAPIERROLLE 0,90 x 250m",Stck.,EUR,29.200,1,23.630,22,0.000,44,,,,,,,,,,,,,,
253102101,"PACKPAPIERROLLE 1,0 x 250 m,",Stck.,EUR,31.310,1,25.740,22,23.430,44,,,,,,,,,,,,,,
253160108,"PACKSEIDE 500x750mm, braun, 2,5kg",Pck.,EUR,6.382,8,5.999,96,,,,,,,,,,,,,,,,
253401401,"Packpapierrolle, braun, 0,7 x 12m",Stck.,EUR,1.820,16,1.470,48,1.300,320,1.250,640,,,,,,,,,,,,
264160401,"PACKPAPIER TISCH-ABROLL-HALTER, Breite 900mm",Stck.,EUR,41.525,1,,,,,,,,,,,,,,,,,,
273160301,"ALLZWECK-DECKE 130 x 200 cm,",Stck.,EUR,12.900,1,3.310,10,2.830,120,,,,,,,,,,,,,,
285100436,"PVC-Klebeband, 50mmx66m",Stck.,EUR,1.240,36,1.060,108,1.030,1296,0.990,2592,,,,,,,,,,,,
285120436,"PVC-Klebeband, 50mmx66m",Stck.,EUR,1.240,36,1.060,108,1.030,1296,0.990,2592,,,,,,,,,,,,
290100100,"Spielhaus, 1145x1912mm,",Stck.,EUR,20.670,1,,,,,,,,,,,,,,,,,,
290200202,"Katzenhaus mit Eingang und Fenster, 420x450x400mm,",Stck.,EUR,10.547,1,8.459,2,6.551,3,5.077,5,3.911,10,3.328,20,,,,,,,,
294110201,"UMREIFUNGSSET, 600m PP-Band+200 PP-Verschluss",Pck.,EUR,23.560,1,14.230,60,,,,,,,,,,,,,,,,
311100120,"Modulbox, 140x101x43mm",Stck.,EUR,0.708,20,0.420,40,0.330,60,0.250,100,0.176,360,0.174,3120,0.159,6240,,,,,,
311100220,"Modulbox, 192x155x43mm, braun,",Stck.,EUR,0.719,20,0.430,40,0.340,60,0.270,100,0.204,240,0.192,2600,0.174,5200,,,,,,
311100310,"Modulbox, 315x300x120mm, braun,",Stck.,EUR,1.773,10,1.210,20,0.996,40,0.978,280,0.812,560,,,,,,,,,,
311100320,"Modulbox, 192x155x91mm, braun,",Stck.,EUR,0.859,20,0.550,40,0.450,60,0.370,100,0.392,240,0.373,1200,0.334,2400,,,,,,
311100410,"Modulbox, 340x315x155mm, braun,",Stck.,EUR,1.883,10,1.320,20,1.132,30,1.113,260,0.935,520,,,,,,,,,,
311100420,"Modulbox, 305x210x91mm, braun,",Stck.,EUR,0.924,20,0.630,40,0.540,60,0.498,120,0.471,840,0.416,1680,,,,,,,,
311100510,"Modulbox, 460x315x155mm, braun,",Stck.,EUR,2.251,10,1.688,20,1.500,30,1.482,260,1.303,520,,,,,,,,,,
311100520,"Modulbox, 305x210x43mm, braun",Stck.,EUR,0.795,20,0.500,40,0.332,100,0.265,1920,0.247,3840,,,,,,,,,,
311101950,"Universalverpackung, A2, 620x420x50mm",Stck.,EUR,1.909,10,1.158,30,1.154,250,0.969,500,,,,,,,,,,,,
311102010,"Versandtasche für KFZ-Zeichen, 140x590x50mm",Stck.,EUR,0.698,25,0.304,200,0.285,2500,0.266,5000,,,,,,,,,,,,
311102020,"KFZ-Verpackung, 522x112x10mm",Stck.,EUR,0.823,20,0.542,40,0.447,60,0.401,80,0.372,100,0.313,1760,0.286,3520,,,,,,
311102120,"Versandverpackung für Schallplatten, 330x330x-75mm",Stck.,EUR,1.014,20,0.732,40,0.591,80,0.556,880,0.503,1760,,,,,,,,,,
311102150,"Versandverpackung für Schallplatten, 326x326x10mm",Stck.,EUR,0.447,50,0.334,100,0.296,150,0.290,1350,0.256,2700,,,,,,,,,,
311102250,"Versandverpackung für Schallplatten, 185x185x10mm",Stck.,EUR,0.359,50,0.246,100,0.209,150,0.190,200,0.171,300,0.168,2700,0.151,5400,,,,,,
311103101,"Kalenderverpackung zum Wickeln, A3, 420x310x10mm",Stck.,EUR,0.328,900,0.277,1800,,,,,,,,,,,,,,,,
311103120,"Modulbox, 335x244x77mm",Stck.,EUR,0.815,20,0.600,40,0.500,80,0.459,1040,0.410,2080,,,,,,,,,,
311103201,"Kalenderverpackung zum Wickeln, A2, 620x420x10mm",Stck.,EUR,0.655,450,0.552,900,,,,,,,,,,,,,,,,
311103301,"Kalenderverpackung zum Wickeln, 800x600x30mm",Stck.,EUR,1.547,400,,,,,,,,,,,,,,,,,,
311103401,"Kalenderverpackung zum Wickeln, 1180x780x30mm",Stck.,EUR,2.496,400,,,,,,,,,,,,,,,,,,
311103601,"Kalenderverpackung zum Wickeln, A4 - 347x247x15mm",Stck.,EUR,0.273,1300,0.237,2600,,,,,,,,,,,,,,,,
311104004,"Versandkarton Bier-Adventskalender, 550x340x300mm",Stck.,EUR,1.960,15,1.630,300,,,,,,,,,,,,,,,,
311104005,"Bier-Adventskalender, 479x322x300mm",Stck.,EUR,15.000,0,8.510,38,,,,,,,,,,,,,,,,
311104100,"Bilderkarton, 900x120x800mm",Stck.,EUR,2.117,240,,,,,,,,,,,,,,,,,,
311104105,"Bilderkarton, 900x120x800mm",Stck.,EUR,4.036,5,2.682,10,2.534,15,,,,,,,,,,,,,,
311104125,"Twist-Buchverpackung A4, 330x240x80mm",Stck.,EUR,0.738,25,0.513,50,0.438,75,0.390,900,0.339,1800,,,,,,,,,,
311113501,"Kalenderverpackung, 500 x 750 mm, braun",Stck.,EUR,1.535,220,,,,,,,,,,,,,,,,,,
311304010,"Automatikbodenkarton, 230x160x80mm",Stck.,EUR,1.333,10,0.770,20,0.432,50,0.319,100,0.269,180,0.257,1700,0.244,3400,,,,,,
311310110,"Automatikbodenkarton, 195x95x90mm",Stck.,EUR,1.286,10,0.722,20,0.441,40,0.253,120,0.191,2880,0.175,5760,,,,,,,,
311310210,"Automatikbodenkarton, 194x194x87mm,",Stck.,EUR,1.410,10,0.847,20,0.565,40,0.377,120,0.348,1440,0.316,2880,,,,,,,,
311310310,"Automatikbodenkarton, 260x200x160mm",Stck.,EUR,1.496,10,0.933,20,0.651,40,0.482,100,0.447,1200,0.408,2400,,,,,,,,
311314410,"Automatikbodenkarton, 380x260x150mm",Stck.,EUR,1.622,10,1.059,20,0.777,40,0.647,80,0.640,640,0.568,1280,,,,,,,,
311314510,"Automatikbodenkarton, 346x243x83mm",Stck.,EUR,1.484,10,1.007,20,0.689,50,0.583,100,0.551,150,0.583,640,0.530,1280,,,,,,
311600010,"Planbox SK - A2 - 435 x 105 x 105 mm, braun,",Stck.,EUR,1.432,10,0.588,40,0.447,80,0.419,100,0.409,900,0.357,1800,,,,,,,,
311600110,"Planbox SK - A1 - 610 x 105 x 105 mm, braun,",Stck.,EUR,1.483,10,0.732,30,0.517,70,0.469,100,0.459,900,0.408,1800,,,,,,,,
311600210,"Planbox SK - 715 x 105 x 105 mm, braun",Stck.,EUR,1.518,10,0.768,30,0.580,60,0.533,80,0.495,900,0.444,1800,,,,,,,,
311600310,"Planbox SK - A0 - 860 x 105 x 105  mm, braun,",Stck.,EUR,1.587,10,1.024,20,0.686,50,0.602,80,0.590,720,0.526,1440,,,,,,,,
311600320,"Planbox SK - Teleskop - 860 x 111 x 111 mm, braun",Stck.,EUR,1.642,10,1.079,20,0.891,30,0.741,50,0.656,80,0.644,720,0.580,1440,,,,,,
311600610,"Planbox SK - 1005 x 105 x 105 mm, braun",Stck.,EUR,1.671,10,1.108,20,0.920,30,0.770,50,0.673,720,0.609,1440,,,,,,,,
311600810,"Planbox SK - 315 x 105 x 105 mm, braun",Stck.,EUR,1.293,10,0.774,20,0.517,40,0.360,100,0.318,180,0.307,1600,0.284,3200,,,,,,
311600910,"Planbox, 510x105x105mm",Stck.,EUR,1.450,10,0.658,30,0.490,70,0.440,100,0.430,900,0.390,1800,,,,,,,,
312401020,"Smart-Mailer 2, braun, 200x200x100mm,",Stck.,EUR,0.791,20,0.509,40,0.341,100,0.307,180,0.298,1320,0.263,2640,,,,,,,,
312401120,"Smart-Mailer 3, braun, 100x200x250mm,",Stck.,EUR,0.839,20,0.557,40,0.388,100,0.356,160,0.346,1320,0.311,2640,,,,,,,,
312401220,"Smart-Mailer 1 , braun, 160x120x110mm,",Stck.,EUR,0.762,20,0.480,40,0.311,100,0.286,200,0.269,1320,0.234,2640,,,,,,,,
312502015,"Versandkarton, 600x400x300mm",Stck.,EUR,2.099,15,1.972,180,1.516,360,,,,,,,,,,,,,,
312502025,"Versandkarton, 500x100x110mm",Stck.,EUR,0.620,25,0.392,50,0.286,100,0.244,200,0.212,1800,0.196,3600,,,,,,,,
312502027,"Versandkarton, 750x430x130mm",Stck.,EUR,3.318,5,2.099,10,2.067,90,1.579,180,,,,,,,,,,,,
312502028,"Versandkarton, 600x600x600mm",Stck.,EUR,4.460,5,4.430,90,3.410,180,,,,,,,,,,,,,,
312502115,"Versandkarton, 400x300x300mm",Stck.,EUR,1.526,15,1.293,180,1.036,360,,,,,,,,,,,,,,
312502125,"Versandkarton, 380x250x200mm",Stck.,EUR,0.736,25,0.541,50,0.445,100,0.371,900,0.350,1800,,,,,,,,,,
312900101,"Versandkarton, 1188x588x579mm",Stck.,EUR,6.006,90,4.585,180,,,,,,,,,,,,,,,,
312905029,"Versandkarton, 700x500x500mm",Stck.,EUR,4.166,5,3.922,90,2.830,180,,,,,,,,,,,,,,
312910008,"Aufbewahrungsbox mit Deckel, 335x245x195mm",Stck.,EUR,3.660,3,3.090,6,0.520,9,2.240,12,1.880,27,1.850,156,1.650,312,,,,,,
312910009,"Aufbewahrungsbox mit Deckel, 493x343x295mm",Stck.,EUR,5.910,3,4.100,6,3.510,9,3.210,12,3.190,78,2.770,156,,,,,,,,
312910010,"Archiv-Klappbox, 410x320x285mm ",Stck.,EUR,2.300,10,1.737,20,1.483,300,1.328,600,,,,,,,,,,,,
312930007,"Stülpdeckelkarton, 305x215x150mm",Stck.,EUR,0.933,20,0.668,40,0.541,80,0.477,160,0.445,2240,,,,,,,,,,
312930008,"Stülpdeckelkarton, 305x215x150mm",Stck.,EUR,0.466,20,0.334,40,0.270,80,0.239,160,0.223,2240,,,,,,,,,,
312930009,"Stülpdeckelkarton, 305x215x150mm",Stck.,EUR,0.466,20,0.334,40,0.270,80,0.239,160,0.223,2240,,,,,,,,,,
312930010,"Stülpdeckelkarton, 305x215x100mm",Stck.,EUR,0.435,20,0.307,40,0.239,80,0.207,180,0.191,2880,,,,,,,,,,
312930011,"Stülpdeckelkarton, 305x215x100mm",Stck.,EUR,0.435,20,0.307,40,0.239,80,0.207,180,0.191,2880,,,,,,,,,,
312930012,"Stülpdeckelkarton, 305x215x100mm",Stck.,EUR,0.869,20,0.615,40,0.477,80,0.413,180,0.382,2880,,,,,,,,,,
312930015,"Versandkarton, 315x315x225mm",Stck.,EUR,1.230,15,0.869,30,1.007,180,0.763,360,,,,,,,,,,,,
312930016,"Stülpdeckelkarton, 305x215x50mm",Stck.,EUR,0.392,20,0.254,40,0.196,80,0.148,240,0.138,3520,,,,,,,,,,
312930017,"Stülpdeckelkarton, 305x215x50mm",Stck.,EUR,0.392,20,0.254,40,0.196,80,0.148,240,0.138,3520,,,,,,,,,,
312930019,"Stülpdeckelkarton, 305x215x50mm",Stck.,EUR,0.784,20,0.509,40,0.392,80,0.297,240,0.276,3520,,,,,,,,,,
312930020,"Versandkarton, 315x210x225mm",Stck.,EUR,0.848,20,0.594,40,0.498,80,0.488,480,0.424,960,,,,,,,,,,
312930115,"Versandkarton, 418x315x225mm",Stck.,EUR,1.236,15,0.905,30,1.028,180,0.801,360,,,,,,,,,,,,
312930120,"Versandkarton, 315x105x225mm",Stck.,EUR,0.700,20,0.452,40,0.369,60,0.286,120,0.317,720,0.261,1440,,,,,,,,
312930215,"Versandkarton, 518x315x225mm",Stck.,EUR,1.261,15,0.933,30,0.859,360,,,,,,,,,,,,,,
312930216,"Versandkarton, 618x315x225mm",Stck.,EUR,1.325,15,1.177,180,0.922,360,,,,,,,,,,,,,,
314112110,"Palettenhütchen `Nicht stapeln` - 3-sprachig,",Stck.,EUR,0.283,100,0.227,200,0.222,1800,0.197,3600,,,,,,,,,,,,
321100015,"Felgenversandkarton, 420x420x215mm ",Stck.,EUR,3.958,4,2.550,8,2.081,12,1.685,24,1.657,180,1.400,360,,,,,,,,
321100100,"Felgenversandkarton, 500x500x290mm ",Stck.,EUR,4.412,4,3.004,8,2.535,12,2.627,90,2.112,180,,,,,,,,,,
321100115,"Felgenversandkarton, 445x445x240mm",Stck.,EUR,4.039,4,2.631,8,2.162,12,1.781,24,1.738,180,1.481,360,,,,,,,,
321100200,"Felgenversandkarton, 525x525x310mm ",Stck.,EUR,4.566,4,3.158,8,2.689,12,2.781,90,2.266,180,,,,,,,,,,
321100215,"Felgenversandkarton, 470x470x265mm",Stck.,EUR,4.269,4,2.861,8,2.392,12,1.923,24,2.484,90,1.969,180,,,,,,,,
321100300,"Felgenversandkarton, 550x550x340mm",Stck.,EUR,4.789,4,3.381,8,2.911,12,3.003,90,2.488,180,,,,,,,,,,
321100400,"Felgenversandkarton, 575x575x365mm ",Stck.,EUR,4.924,4,3.516,8,3.047,12,3.116,92,2.612,184,,,,,,,,,,
321100500,"Felgenversandkarton, 600x600x390mm",Stck.,EUR,5.399,4,4.461,6,3.522,12,3.614,90,3.099,180,,,,,,,,,,
321100600,"Felgenversandkarton, 660x660x300mm",Stck.,EUR,5.189,4,3.781,8,3.312,12,3.404,90,2.888,180,,,,,,,,,,
321100700,"Felgenversandkarton, 725x725x300mm",Stck.,EUR,5.566,4,4.628,6,3.781,90,3.266,180,,,,,,,,,,,,
321201240,"Pizzakarton, 240x240x40mm",Pck.,EUR,27.560,1,22.366,2,20.670,3,18.550,66,,,,,,,,,,,,
321201260,"Pizzakarton, 260x260x40mm",Pck.,EUR,27.560,1,22.366,2,20.670,3,19.822,33,,,,,,,,,,,,
321201320,"Pizzakarton, 320x320x40mm",Pck.,EUR,31.058,1,25.864,2,23.320,33,,,,,,,,,,,,,,
321201360,"Pizzakarton, 360x360x40mm",Pck.,EUR,36.782,1,31.694,2,29.044,33,,,,,,,,,,,,,,
321201400,"Pizzakarton, 400x400x40mm",Pck.,EUR,42.824,1,36.464,22,,,,,,,,,,,,,,,,
321300100,"Skikarton - alternativ, 290x125x1714mm, VE5",Stck.,EUR,12.084,1,10.017,2,7.632,3,6.625,4,6.042,5,4.823,10,,,,,,,,
321300101,"Lagerkarton, 600x400x300mm (AM), ``Mittel``",Stck.,EUR,11.289,1,4.049,4,2.745,8,2.586,10,1.823,260,1.632,520,,,,,,,,
321300103,"Lagerkarton ``Klein``, 380x360x200mm",Stck.,EUR,10.801,1,3.530,4,2.237,8,1.431,25,1.198,260,1.124,520,,,,,,,,
321300104,"Lagerkarton ``Maxi``, 780x580x360mm",Stck.,EUR,12.529,1,5.353,4,3.911,10,3.795,84,3.328,168,,,,,,,,,,
321300150,"Fahrradkarton, 1580x185x755mm",Stck.,EUR,5.455,150,,,,,,,,,,,,,,,,,,
321300151,"Fahrradkarton, 1580x185x755mm",Stck.,EUR,15.605,1,,,,,,,,,,,,,,,,,,
321600310,"Automatikbodenkarton, 400x260x260mm",Stck.,EUR,1.733,10,1.170,20,0.888,40,0.800,480,,,,,,,,,,,,
321600410,"Automatikbodenkarton, A4+, 310x230x158mm",Stck.,EUR,1.126,10,1.027,20,0.605,80,0.565,680,0.519,1360,,,,,,,,,,
321600510,"Automatikbodenkarton, 160x130x70mm",Stck.,EUR,1.269,10,0.706,20,0.368,50,0.256,100,0.199,200,0.175,2280,0.157,4560,,,,,,
321600610,"Automatikbodenkarton, A5, 213x153x109mm",Stck.,EUR,1.324,10,0.761,20,0.423,50,0.310,100,0.268,160,0.236,1600,0.216,3200,,,,,,
321600810,"Automatikbodenkarton, 289x160x270mm",Stck.,EUR,1.620,10,1.057,20,0.719,50,0.607,100,0.597,900,0.546,1800,,,,,,,,
321601510,"Automatikbodenkarton, 343x243x63mm",Stck.,EUR,1.420,10,0.908,20,0.653,40,0.568,60,0.500,100,0.490,960,0.443,1920,,,,,,
321602010,"Automatikbodenkarton, 260x190x90mm",Stck.,EUR,1.546,10,0.983,20,0.645,50,0.533,100,0.488,300,0.478,1600,0.449,3200,,,,,,
321602110,"Automatikbodenkarton, 200x150x90mm",Stck.,EUR,1.458,10,0.895,20,0.557,50,0.444,100,0.413,180,0.409,1200,0.370,2400,,,,,,
321610411,"Automatikbodenkarton, 310x230x160mm",Stck.,EUR,1.126,10,1.085,20,0.663,80,0.623,680,0.572,1360,,,,,,,,,,
321610511,"Automatikbodenkarton, 160x130x70mm",Stck.,EUR,1.310,10,0.747,20,0.409,50,0.297,100,0.240,200,0.216,2880,,,,,,,,
321610611,"Automatikbodenkarton, A5, 213x153x109mm",Stck.,EUR,1.406,10,0.843,20,0.505,50,0.392,100,0.350,160,0.318,2400,,,,,,,,
322101025,"Großbriefkarton, A4, 345x245x17mm, braun",Stck.,EUR,0.269,100,0.213,200,0.201,250,0.192,2600,0.174,5200,,,,,,,,,,
322102425,"Großbriefkarton, A5, 215x155x15mm, braun",Stck.,EUR,0.200,100,0.144,200,0.120,350,0.111,3900,0.100,7800,,,,,,,,,,
322105510,"Cargobox Plus Automatik, 65x35x37cm",Stck.,EUR,3.321,10,3.740,120,2.967,240,,,,,,,,,,,,,,
322201015,"Versandkarton, 615x440x305mm",Stck.,EUR,2.385,15,2.325,90,1.810,180,,,,,,,,,,,,,,
322201120,"Versandkarton, 255x170x120mm, braun",Stck.,EUR,0.430,40,0.288,80,0.231,1120,0.190,2240,,,,,,,,,,,,
322201215,"Versandkarton, 380x275x370mm",Stck.,EUR,1.473,15,1.237,180,0.980,360,,,,,,,,,,,,,,
322402110,"Versandkarton, 400x300x300mm",Stck.,EUR,1.921,10,1.358,20,1.166,40,1.127,280,0.960,560,,,,,,,,,,
322402310,"Versandkarton, 500x400x300mm,",Stck.,EUR,2.117,10,1.696,20,1.654,140,1.322,280,,,,,,,,,,,,
322402510,"Versandkarton, 800x300x200mm",Stck.,EUR,1.980,10,1.229,30,1.185,280,1.019,560,,,,,,,,,,,,
322403001,"Versandkarton, 588x588x579mm",Stck.,EUR,3.685,5,2.246,150,,,,,,,,,,,,,,,,
322403020,"Versandkarton, 300x200x170mm",Stck.,EUR,0.776,20,0.339,120,0.319,880,0.266,1760,,,,,,,,,,,,
322403025,"Versandkarton, 150x150x150mm",Stck.,EUR,0.490,25,0.292,50,0.193,100,0.122,350,0.139,1800,0.116,4050,,,,,,,,
322403120,"Versandkarton, 430x310x250mm",Stck.,EUR,1.012,20,0.678,80,0.660,440,0.554,880,,,,,,,,,,,,
322403125,"Versandkarton, 200x100x110mm",Stck.,EUR,0.489,25,0.290,50,0.191,100,0.142,200,0.112,500,0.122,2700,0.107,5400,,,,,,
322403220,"Versandkarton, 540x340x320mm ",Stck.,EUR,1.175,20,0.894,40,0.823,440,0.718,880,,,,,,,,,,,,
322403225,"Versandkarton, 200x150x90mm",Stck.,EUR,0.489,25,0.290,50,0.191,100,0.125,300,0.128,2250,0.110,4500,,,,,,,,
322403320,"Versandkarton, 600x400x400mm",Stck.,EUR,1.431,20,1.289,220,1.079,440,,,,,,,,,,,,,,
322403325,"Versandkarton, 215x180x135mm",Stck.,EUR,0.526,25,0.328,50,0.229,100,0.179,200,0.175,1800,0.152,3600,,,,,,,,
322403420,"Versandkarton, 400x300x300mm ",Stck.,EUR,1.028,20,0.684,60,0.676,440,0.570,880,,,,,,,,,,,,
322403425,"Versandkarton, 335x260x140mm",Stck.,EUR,0.604,25,0.300,50,0.306,100,0.298,900,0.253,1800,,,,,,,,,,
322403520,"Versandkarton, 400x300x200mm",Stck.,EUR,0.949,20,0.625,80,0.596,440,0.491,880,,,,,,,,,,,,
322403525,"Versandkarton, 348x245x90mm",Stck.,EUR,0.579,25,0.381,50,0.281,100,0.272,900,0.227,1800,,,,,,,,,,
322403620,"Versandkarton, 800x600x400mm ",Stck.,EUR,3.407,140,2.744,280,,,,,,,,,,,,,,,,
322403625,"Versandkarton, 300x300x150mm",Stck.,EUR,0.624,25,0.426,50,0.318,900,0.272,1800,,,,,,,,,,,,
322403720,"Versandkarton, 600x400x400mm",Stck.,EUR,2.353,10,1.790,20,1.889,140,1.558,280,,,,,,,,,,,,
322403725,"Versandkarton, 230x170x80mm",Stck.,EUR,0.504,25,0.305,50,0.207,100,0.157,200,0.168,1350,0.138,2700,,,,,,,,
322403825,"Versandkarton, 185x185x110mm",Stck.,EUR,0.544,25,0.346,50,0.246,100,0.196,200,0.188,2025,0.168,4050,,,,,,,,
322403925,"Versandkarton, 240x130x130mm",Stck.,EUR,0.506,25,0.307,50,0.209,100,0.154,225,0.150,2025,0.129,4050,,,,,,,,
322404025,"Versandkarton, 185x135x135mm",Stck.,EUR,0.505,25,0.306,50,0.208,100,0.141,300,0.139,2700,0.124,5400,,,,,,,,
322404125,"Versandkarton, 190x150x140mm",Stck.,EUR,0.497,25,0.299,50,0.199,100,0.150,200,0.145,2025,0.123,4050,,,,,,,,
322404225,"Versandkarton, 355x245x135mm",Stck.,EUR,0.619,25,0.421,50,0.322,100,0.314,900,0.268,1800,,,,,,,,,,
322404325,"Versandkarton, 250x150x150mm",Stck.,EUR,0.512,25,0.314,50,0.214,100,0.165,200,0.161,1800,0.138,3600,,,,,,,,
322404425,"Versandkarton, 114x113x100mm",Stck.,EUR,0.458,25,0.260,50,0.161,100,0.094,300,0.080,4500,0.071,9000,,,,,,,,
322404525,"Versandkarton, 250x175x100mm",Stck.,EUR,0.509,25,0.311,50,0.211,100,0.161,200,0.153,2025,0.133,4050,,,,,,,,
322404625,"Versandkarton, 300x215x100mm",Stck.,EUR,0.572,25,0.374,50,0.276,100,0.242,150,0.267,900,0.222,1800,,,,,,,,
322404725,"Versandkarton, 228x160x102mm",Stck.,EUR,0.505,25,0.306,50,0.208,100,0.158,200,0.148,2025,0.128,4050,,,,,,,,
322404825,"Versandkarton, 300x215x140mm",Stck.,EUR,0.570,25,0.372,50,0.253,125,0.234,1350,0.204,2700,,,,,,,,,,
322404925,"Versandkarton, 170x150x100mm",Stck.,EUR,0.485,25,0.287,50,0.188,100,0.122,300,0.129,2025,0.109,4050,,,,,,,,
322405025,"Versandkarton, 320x240x240mm",Stck.,EUR,0.652,25,0.454,50,0.354,100,0.346,900,0.301,1800,,,,,,,,,,
322405115,"Versandkarton, 588x388x378mm",Stck.,EUR,1.698,15,1.945,90,1.491,180,,,,,,,,,,,,,,
322405125,"Versandkarton, 300x300x300mm",Stck.,EUR,0.734,25,0.535,50,0.470,75,0.518,450,0.427,900,,,,,,,,,,
322405215,"Versandkarton, 600x400x400mm",Stck.,EUR,1.646,15,1.892,90,1.438,180,,,,,,,,,,,,,,
322405225,"Versandkarton, 330x260x180mm",Stck.,EUR,0.640,25,0.442,50,0.376,75,0.334,900,0.289,1800,,,,,,,,,,
322405325,"Versandkarton, 250x200x140mm",Stck.,EUR,0.540,25,0.341,50,0.210,150,0.204,1350,0.174,2700,,,,,,,,,,
322405410,"CargoBox Plus M 60x40x30cm, 72L, 2-wellig, VE 10",Stck.,EUR,3.144,10,3.049,90,2.533,180,,,,,,,,,,,,,,
322405505,"Gläserkarton, 64x34x36cm",Stck.,EUR,5.151,5,4.025,10,3.929,90,3.414,180,,,,,,,,,,,,
322405510,"CargoBox Plus L, braun, 64x34x36cm, 2-wellig,VE 10",Stck.,EUR,2.604,10,2.508,90,1.993,180,,,,,,,,,,,,,,
322405610,"CargoBox Plus XL,138,6L,  braun, 75x42x44cm, VE 10",Stck.,EUR,4.826,90,3.796,180,,,,,,,,,,,,,,,,
323101000,"Felgenpappe, 550x550mm",Stck.,EUR,1.767,8,1.063,16,0.711,32,0.535,64,0.487,88,0.525,560,,,,,,,,
343101201,"Luftpolstertasche, Gr.1, 100x165mm, braun",Stck.,EUR,0.080,200,0.055,400,0.043,800,0.045,7800,0.038,15600,,,,,,,,,,
343101202,"Luftpolstertasche, Gr. 2, 120x215mm, braun",Stck.,EUR,0.087,200,0.063,400,0.054,600,0.061,4400,0.049,8800,,,,,,,,,,
343102101,"Luftpolstertasche, Gr. 3, 150x215mm, braun",Stck.,EUR,0.141,100,0.092,200,0.063,500,0.071,3400,0.057,6800,,,,,,,,,,
343102102,"Luftpolstertasche, Gr. 4, 180x265mm, braun",Stck.,EUR,0.158,100,0.096,300,0.093,2600,0.077,5200,,,,,,,,,,,,
343102103,"Luftpolstertasche, Gr. 5, 220x265mm, braun",Stck.,EUR,0.168,100,0.119,200,0.102,300,0.115,2200,0.092,4400,,,,,,,,,,
343102104,"Luftpolstertasche, Gr. 6, 220x340mm, braun",Stck.,EUR,0.182,100,0.133,200,0.141,1600,0.113,3200,,,,,,,,,,,,
343102105,"Luftpolstertasche, Gr. 7, 230x340mm, braun",Stck.,EUR,0.185,100,0.136,200,0.154,1600,0.120,3200,,,,,,,,,,,,
343102106,"Luftpolstertasche, Gr.8, 270x360mm, braun",Stck.,EUR,0.198,100,0.167,1200,0.134,2400,,,,,,,,,,,,,,
343103050,"Luftpolstertasche, Gr.9, 300x445mm, braun",Stck.,EUR,0.337,50,0.256,900,0.199,1800,,,,,,,,,,,,,,
343103150,"Luftpolstertasche, Gr.10, 350x470mm, braun",Stck.,EUR,0.368,50,0.288,800,0.230,1600,,,,,,,,,,,,,,
343104150,"Luftpolstertasche, CD, 180x165mm, braun",Stck.,EUR,0.143,100,0.077,300,0.067,4000,0.056,8000,,,,,,,,,,,,
343111201,"Luftpolstertasche, GR. 1, 100x165mm, weiß",Stck.,EUR,0.080,200,0.055,400,0.043,800,0.043,7800,0.038,15600,,,,,,,,,,
343111202,"Luftpolstertasche, GR.2 120x215mm, weiß",Stck.,EUR,0.087,200,0.063,400,0.059,600,0.058,4400,0.049,8800,,,,,,,,,,
343111203,"Luftpolstertasche, CD, 180x165mm, weiß",Stck.,EUR,0.143,100,0.094,200,0.077,300,0.067,4000,0.056,8000,,,,,,,,,,
343112101,"Luftpolstertasche, Gr. 3, 150x215mm, weiß",Stck.,EUR,0.141,100,0.093,200,0.076,300,0.068,400,0.071,500,0.071,3400,0.057,6800,,,,,,
343112102,"Luftpolstertasche, Gr. 4, 180x265mm, weiß",Stck.,EUR,0.158,100,0.096,300,0.093,2600,0.077,5200,,,,,,,,,,,,
343112103,"Luftpolstertasche, Gr. 5, 220x265mm, weiß",Stck.,EUR,0.168,100,0.119,200,0.102,300,0.115,2200,0.092,4400,,,,,,,,,,
343112104,"Luftpolstertasche, Gr. 6, 220x340mm, weiß",Stck.,EUR,0.182,100,0.147,200,0.141,1600,0.113,3200,,,,,,,,,,,,
343112105,"Luftpolstertasche, Gr. 7, 230x340mm, weiß",Stck.,EUR,0.185,100,0.156,200,0.154,1600,0.120,3200,,,,,,,,,,,,
343112106,"Luftpolstertasche, Gr. 8, 270x360mm, weiß",Stck.,EUR,0.198,100,0.167,1200,0.134,2400,,,,,,,,,,,,,,
343113050,"Luftpolstertasche, Gr.9, 300x445mm, weiß",Stck.,EUR,0.337,50,0.256,900,0.199,1800,,,,,,,,,,,,,,
343113150,"Luftpolstertasche, Gr.10, 350x470mm, weiß",Stck.,EUR,0.368,50,0.288,800,0.230,1600,,,,,,,,,,,,,,
343421301,"Ministretch-Set, transp., 0,1x150m, 23mµ, VE 12",Stck.,EUR,2.794,12,2.142,60,2.099,672,2.039,1344,,,,,,,,,,,,
343481065,"Soft-Fill im Polybeutel, 65 liter, VE 1",Pck.,EUR,13.702,1,10.000,13,6.410,26,,,,,,,,,,,,,,
740799501,"E-Commerce Faltbodenschachtel, MINI, 300x240x60mm",Stck.,EUR,0.823,20,0.541,40,0.400,80,0.330,1320,0.295,2640,,,,,,,,,,
740799601,"E-Commerce Faltbodenschachtel, KLEIN, 400x300x80mm",Stck.,EUR,0.937,20,0.655,40,0.632,360,0.502,720,,,,,,,,,,,,
740799701,"E-Commerce Faltenschachtel, MITTEL, 510x310x100mm,",Stck.,EUR,1.500,10,1.140,20,0.901,40,0.866,320,0.721,640,,,,,,,,,,
740799801,"E-Commerce Faltbodenschachtel,GROSS, 600x400x200mm",Stck.,EUR,2.454,10,1.907,160,1.618,320,,,,,,,,,,,,,,
740910602,"Warenpostkarton, IM: 337x245x27mm",Stck.,EUR,0.386,50,0.273,100,0.235,150,0.193,2800,0.177,5600,,,,,,,,,,
740910605,"Kleinpaket Fefco0201, 345x245x70mm",Stck.,EUR,0.599,25,0.395,50,0.325,100,0.304,900,0.247,1800,,,,,,,,,,
742100456,"Versandkarton - Logistik - 793x593x487mm, braun,",Stck.,EUR,2.945,240,,,,,,,,,,,,,,,,,,
742102456,"Fefco 0201 - Logistik - 793x593x298mm, braun, NEU",Stck.,EUR,2.571,240,,,,,,,,,,,,,,,,,,
912502291,"Mais und Weizenkarton, 550x450x200mm",Stck.,EUR,1.579,15,1.495,150,,,,,,,,,,,,,,,,
941101010,"1,5l Karton für Bag-in-Box, 130x85x190mm",Stck.,EUR,1.150,10,0.660,20,0.500,30,0.420,40,0.340,60,0.300,80,0.270,100,0.230,200,0.220,360,0.210,2640
941101110,"3l Karton für Bag-in-Box, 143x134x220mm",Stck.,EUR,1.240,10,0.750,20,0.590,30,0.510,40,0.430,60,0.380,80,0.360,100,0.340,200,0.330,1280,0.300,2560
941101210,"5l Karton für Bag-in-Box, 163x150x243mm",Stck.,EUR,1.340,10,0.860,20,0.690,30,0.610,40,0.530,60,0.490,80,0.460,100,0.450,1200,0.410,2400,,
941101310,"10l Karton für Bag-in-Box, 245x150x340mm",Stck.,EUR,1.600,10,1.110,20,0.950,30,0.860,400,0.740,800,,,,,,,,,,
941101410,"20l Karton für Bag-in-Box, 295x200x390mm",Stck.,EUR,1.960,10,1.470,20,1.310,30,1.220,400,1.100,800,,,,,,,,,,
941102010,"1,5l Beutel für Bag-in-Box, 320x200mm (AM)",Stck.,EUR,0.403,400,0.615,6000,,,,,,,,,,,,,,,,
941102110,"3l Beutel für Bag-in-Box, 350x265mm (AM)",Stck.,EUR,0.583,450,0.551,7000,,,,,,,,,,,,,,,,
941102210,"5l Beutel für Bag-in-Box, 400x320mm (AM)",Stck.,EUR,0.657,450,0.615,6300,,,,,,,,,,,,,,,,
941102310,"10l Beutel für Bag-in-Box, 500x400mm (AM)",Stck.,EUR,0.795,350,0.742,4900,,,,,,,,,,,,,,,,
941102410,"20l Beutel für Bag-in-Box, 600x500mm (AM)",Stck.,EUR,1.389,300,1.367,3000,,,,,,,,,,,,,,,,
942103005,"Faltkarton für 6er Flaschen, 305x212x368mm",Stck.,EUR,1.018,300,,,,,,,,,,,,,,,,,,
942103010,"Faltkarton für 2er Flaschen, 204x108x368mm",Stck.,EUR,0.512,600,,,,,,,,,,,,,,,,,,
942103105,"Faltkarton für 9er Flaschen, 316x305x368mm",Stck.,EUR,1.432,300,,,,,,,,,,,,,,,,,,
942103205,"Faltkarton für 12er Flaschen, 420x305x368mm",Stck.,EUR,1.926,150,,,,,,,,,,,,,,,,,,
942103210,"Faltkarton für 4er Flaschen, 212x204x368mm",Stck.,EUR,0.744,450,,,,,,,,,,,,,,,,,,
942103305,"Faltkarton für 15er Flaschen, 524x305x368mm",Stck.,EUR,2.580,150,,,,,,,,,,,,,,,,,,
942103405,"Faltkarton für 18er Flaschen, 628x305x368mm",Stck.,EUR,2.844,150,,,,,,,,,,,,,,,,,,
942104010,"Faltkarton f. 3er Bierflaschen, 255x88x288mm ",Stck.,EUR,0.456,900,,,,,,,,,,,,,,,,,,
942104020,"Faltkarton f. 6er Bierflaschen, 255x175x294mm",Stck.,EUR,0.792,600,,,,,,,,,,,,,,,,,,
942104030,"Faltkarton f. 9er Bierflaschen, 265x255x288mm",Stck.,EUR,1.108,300,,,,,,,,,,,,,,,,,,
942104040,"Faltkarton f. 12er Bierflaschen, 353x255x288mm",Stck.,EUR,1.224,300,,,,,,,,,,,,,,,,,,
942104050,"Faltkarton f. 15er Bierflaschen, 440x255x288mm",Stck.,EUR,1.420,300,,,,,,,,,,,,,,,,,,
942104060,"Faltkarton f. 18er Bierflaschen, 528x255x288mm",Stck.,EUR,2.016,150,,,,,,,,,,,,,,,,,,
942104070,"Faltkarton f. 24er Bierflaschen, 510x353x288mm",Stck.,EUR,2.778,150,,,,,,,,,,,,,,,,,,
942104080,"Bierfasskarton, 228x228x271mm ",Stck.,EUR,0.738,600,,,,,,,,,,,,,,,,,,
942115020,"Teleskophülle 2-wellig, 112x112x1050mm",Stck.,EUR,1.923,10,1.078,40,1.077,330,0.937,660,,,,,,,,,,,,
942115210,"Versandhülse quadr., teleskopierbar bis 1600mm",Stck.,EUR,1.430,10,0.679,30,0.429,90,0.401,950,0.352,1900,,,,,,,,,,
942115310,"Versandhülse quadr., teleskopierbar bis 1850mm",Stck.,EUR,1.520,10,0.957,20,0.675,40,0.534,80,0.516,760,0.455,1520,,,,,,,,
942183005,"Faltkarton für 6er Flaschen, 305x212x368mm",Stck.,EUR,0.880,440,,,,,,,,,,,,,,,,,,
942183105,"Faltkarton für 9er Flaschen, 316x305x368mm",Stck.,EUR,1.270,300,,,,,,,,,,,,,,,,,,
942183205,"Faltkarton für 12er Flaschen, 420x305x368mm",Stck.,EUR,1.730,150,,,,,,,,,,,,,,,,,,
942183305,"Faltkarton für 15er Flaschen, 524x305x368mm",Stck.,EUR,2.100,150,,,,,,,,,,,,,,,,,,
942183405,"Faltkarton für 18er Flaschen, 628x305x368mm",Stck.,EUR,2.270,150,,,,,,,,,,,,,,,,,,
942210010,"Stanzzuschnitt, 2er Einlage, f. Flaschenkartons",Stck.,EUR,5.000,600,,,,,,,,,,,,,,,,,,
942210110,"Stanzzuschnitt, 3er Einlage, f. Flaschenkartons",Stck.,EUR,5.000,1,5.000,600,,,,,,,,,,,,,,,,
942210210,"Stanzzuschnitt, 3er Automatik-Einlage,",Stck.,EUR,5.000,1,5.000,640,,,,,,,,,,,,,,,,
942210710,"Stanzzuschnitt, 3er Einlage f. Bierkartons",Stck.,EUR,5.000,900,,,,,,,,,,,,,,,,,,
942210810,"Stanzzuschnitt, 3er Einlage f. GIN-Verpackung",Stck.,EUR,5.000,600,,,,,,,,,,,,,,,,,,
942280110,"Stanzzuschnitt, 3er Einlage f. Flaschen",Stck.,EUR,5.000,600,,,,,,,,,,,,,,,,,,
945102010,"Stanzzuschnitt, Einlage für 5l Bierfass",Stck.,EUR,0.246,1200,,,,,,,,,,,,,,,,,,
945103001,"Faltkarton für 1er Magnumflasche, 144x144x425 mm ",Stck.,EUR,1.160,175,0.880,350,,,,,,,,,,,,,,,,
945103020,"Stanzzuschnitt für 1 Flasche, 105x105x420mm",Stck.,EUR,0.830,20,0.610,40,0.530,60,0.490,960,,,,,,,,,,,,
945103110,"Faltkarton für 3er Flaschen, 305x108x368mm",Stck.,EUR,0.654,600,,,,,,,,,,,,,,,,,,
945106001,"GIN-Verpackung 1er, 95x95x293mm",Stck.,EUR,1.270,10,0.780,20,0.540,40,0.370,1200,,,,,,,,,,,,
945106015,"GIN-Verpackung 3er, 326x115x278mm",Stck.,EUR,0.601,600,,,,,,,,,,,,,,,,,,
945106115,"GIN-Verpackung 6er, 326x226x278mm",Stck.,EUR,1.212,300,,,,,,,,,,,,,,,,,,
950100100,"Packseide 500x750mm, grau 30g/m²",kg,EUR,1.921,25,,,,,,,,,,,,,,,,,,
960115110,"Versandhülse quadr., teleskopierbar bis 1400mm",Stck.,EUR,1.389,10,0.544,40,0.403,80,0.375,100,0.360,950,0.312,1900,,,,,,,,